{"cameraMode":{"drawMode":0,"name":"Shaded","section":"Shading Mode"},"sceneLighting":false,"audioPlay":false,"sceneViewState":{"showFog":true,"showMaterialUpdate":false,"showSkybox":false,"showFlares":true,"showImageEffects":true,"showParticleSystems":true},"in2DMode":false,"pivot":{"x":-6.463835716247559,"y":3.286593198776245,"z":3.6022300720214845},"rotation":{"x":-0.06250034272670746,"y":0.8026440739631653,"z":0.08561310917139054,"w":0.5871307849884033},"size":0.14428842067718507,"orthographic":false}