{"cameraMode":{"drawMode":0,"name":"Shaded","section":"Shading Mode"},"sceneLighting":true,"audioPlay":false,"sceneViewState":{"showFog":true,"showMaterialUpdate":false,"showSkybox":true,"showFlares":true,"showImageEffects":true,"showParticleSystems":true},"in2DMode":false,"pivot":{"x":-33.386531829833987,"y":-17.652070999145509,"z":62.850318908691409},"rotation":{"x":0.1314326524734497,"y":-0.2989705801010132,"z":0.04165386036038399,"w":0.9442837834358215},"size":42.40240478515625,"orthographic":false}