{"cameraMode":{"drawMode":0,"name":"Shaded","section":"Shading Mode"},"sceneLighting":true,"audioPlay":false,"sceneViewState":{"showFog":true,"showMaterialUpdate":false,"showSkybox":true,"showFlares":true,"showImageEffects":true,"showParticleSystems":true},"in2DMode":false,"pivot":{"x":12.124917984008789,"y":0.6621067523956299,"z":20.85162925720215},"rotation":{"x":0.17414741218090058,"y":0.5125840902328491,"z":-0.10696853697299957,"w":0.8340490460395813},"size":9.229782104492188,"orthographic":false}