{"cameraMode":{"drawMode":0,"name":"Shaded","section":"Shading Mode"},"sceneLighting":true,"audioPlay":false,"sceneViewState":{"showFog":true,"showMaterialUpdate":false,"showSkybox":true,"showFlares":true,"showImageEffects":true,"showParticleSystems":true},"in2DMode":false,"pivot":{"x":8.539581298828125,"y":-4.245609760284424,"z":-1.1714305877685547},"rotation":{"x":-0.16255022585391999,"y":-0.7458456158638,"z":0.1970575898885727,"w":-0.615204930305481},"size":7.215442180633545,"orthographic":false}