{"cameraMode":{"drawMode":0,"name":"Shaded","section":"Shading Mode"},"sceneLighting":false,"audioPlay":false,"sceneViewState":{"showFog":true,"showMaterialUpdate":false,"showSkybox":false,"showFlares":true,"showImageEffects":true,"showParticleSystems":true},"in2DMode":false,"pivot":{"x":0.09973764419555664,"y":0.8635416030883789,"z":-0.30113476514816286},"rotation":{"x":-0.10840374231338501,"y":0.7727367281913757,"z":-0.1372632533311844,"w":-0.6101746559143066},"size":1.2247449159622193,"orthographic":false}