{"cameraMode":{"drawMode":0,"name":"Shaded","section":"Shading Mode"},"sceneLighting":false,"audioPlay":false,"sceneViewState":{"showFog":true,"showMaterialUpdate":false,"showSkybox":false,"showFlares":true,"showImageEffects":true,"showParticleSystems":true},"in2DMode":false,"pivot":{"x":3.6521072387695314,"y":-2.9128332138061525,"z":7.0812883377075199},"rotation":{"x":-0.2905898094177246,"y":-0.4931539297103882,"z":0.17905178666114808,"w":-0.8002402782440186},"size":10.0,"orthographic":false}